Order_ID,Order_Date,Region,Category,Sub_Category,Product,Quantity,Sales,Cost,Profit,Inventory_Days,Profit_Margin_%
1,2025-08-03,Central,Technology,Phones,Smartphone,7,1856.79,1388.06,468.73,87,25.24
2,2025-12-10,South,Technology,Phones,Desk Phone,5,442.88,338.71,104.17,6,23.52
3,2025-01-22,West,Office Supplies,Paper,Printer Paper,12,536.38,327.47,208.91,62,38.95
4,2025-09-28,East,Furniture,Chairs,Conference Chair,12,1568.45,934.85,633.6,64,40.4
5,2025-11-03,Central,Office Supplies,Storage,File Cabinet,9,579.22,416.86,162.36,7,28.03
6,2025-12-12,West,Furniture,Chairs,Conference Chair,14,131.84,113.5,18.34,13,13.91
7,2025-03-22,South,Office Supplies,Storage,File Cabinet,3,392.89,280.29,112.6,82,28.66
8,2025-07-10,East,Office Supplies,Paper,Printer Paper,6,1348.16,984.72,363.44,97,26.96
9,2025-08-03,South,Office Supplies,Paper,Printer Paper,8,2247.59,1679.64,567.95,82,25.27
10,2025-08-05,South,Furniture,Tables,Meeting Table,5,1032.83,660.54,372.29,28,36.05
11,2025-12-10,West,Furniture,Chairs,Ergonomic Chair,7,2025.27,1163.72,861.55,13,42.54
12,2025-08-19,East,Technology,Machines,Printer,1,1796.46,1420.23,376.23,9,20.94
13,2025-03-03,South,Furniture,Bookcases,Wood Bookcase,7,1595.92,1052.02,543.9,27,34.08
14,2025-05-11,West,Furniture,Bookcases,Metal Bookcase,1,1630.14,1373.85,256.29,51,15.72
15,2025-01-15,East,Furniture,Tables,Office Table,9,1950.32,1390.49,559.83,83,28.7
16,2025-08-10,West,Office Supplies,Binders,Ring Binder,4,175.43,133.33,42.1,8,24.0
17,2025-11-23,Central,Technology,Machines,Printer,13,1395.62,861.11,534.51,36,38.3
18,2025-10-11,South,Technology,Accessories,Mouse,5,1598.45,1035.09,563.36,10,35.24
19,2025-08-13,West,Office Supplies,Paper,A4 Paper,9,878.43,518.53,359.9,66,40.97
20,2025-05-17,East,Furniture,Bookcases,Metal Bookcase,3,101.25,67.47,33.78,74,33.36
21,2025-04-06,South,Furniture,Chairs,Conference Chair,11,746.59,470.77,275.82,36,36.94
22,2025-04-23,West,Furniture,Chairs,Office Chair,14,2432.28,2110.26,322.02,43,13.24
23,2025-08-12,West,Furniture,Chairs,Conference Chair,6,1562.95,1118.89,444.06,91,28.41
24,2025-09-04,South,Furniture,Bookcases,Metal Bookcase,6,447.75,318.58,129.17,36,28.85
25,2025-04-08,East,Technology,Machines,Laptop,8,670.33,529.77,140.56,73,20.97
26,2025-11-22,South,Office Supplies,Storage,Storage Box,12,316.7,261.48,55.22,63,17.44
27,2025-05-27,South,Furniture,Bookcases,Metal Bookcase,10,882.3,549.39,332.91,71,37.73
28,2025-09-24,South,Technology,Phones,Smartphone,8,1054.17,759.91,294.26,5,27.91
29,2025-09-09,South,Furniture,Chairs,Office Chair,3,2319.26,1947.07,372.19,11,16.05
30,2025-02-06,South,Office Supplies,Binders,File Binder,14,1371.16,863.57,507.59,16,37.02
31,2025-06-01,East,Technology,Machines,Printer,3,769.29,600.91,168.38,24,21.89
32,2025-04-09,West,Furniture,Bookcases,Wood Bookcase,4,487.91,413.03,74.88,93,15.35
33,2025-06-10,South,Furniture,Tables,Computer Table,13,1416.96,1102.86,314.1,45,22.17
34,2025-07-14,West,Furniture,Tables,Meeting Table,8,529.17,355.04,174.13,11,32.91
35,2025-08-18,West,Furniture,Bookcases,Wood Bookcase,14,1627.2,1029.45,597.75,42,36.73
36,2025-11-13,South,Technology,Accessories,Headset,1,1142.55,760.4,382.15,32,33.45
37,2025-02-15,West,Technology,Machines,Laptop,12,1649.13,1003.41,645.72,34,39.16
38,2025-06-30,Central,Office Supplies,Storage,File Cabinet,1,137.1,117.4,19.7,50,14.37
39,2025-09-13,Central,Technology,Phones,Desk Phone,7,806.68,546.19,260.49,37,32.29
40,2025-10-07,East,Office Supplies,Binders,File Binder,8,2346.77,1829.75,517.02,50,22.03
41,2025-09-30,South,Technology,Accessories,Headset,2,436.2,314.52,121.68,94,27.9
42,2025-12-21,East,Furniture,Chairs,Conference Chair,10,1801.39,1319.39,482.0,30,26.76
43,2025-09-21,South,Furniture,Chairs,Office Chair,4,112.44,85.14,27.3,69,24.28
44,2025-10-15,Central,Office Supplies,Paper,Printer Paper,2,2227.88,1245.64,982.24,70,44.09
45,2025-11-10,East,Technology,Accessories,Headset,13,1217.44,887.6,329.84,26,27.09
46,2025-04-11,West,Office Supplies,Binders,File Binder,11,193.2,125.59,67.61,64,34.99
47,2025-02-16,Central,Furniture,Chairs,Conference Chair,4,304.83,172.86,131.97,98,43.29
48,2025-10-02,South,Technology,Phones,Desk Phone,1,1339.12,879.23,459.89,67,34.34
49,2025-05-09,East,Office Supplies,Storage,File Cabinet,7,160.84,139.56,21.28,13,13.23
50,2025-09-29,West,Office Supplies,Binders,Ring Binder,9,700.58,512.3,188.28,5,26.87
51,2025-05-24,Central,Technology,Machines,Printer,12,1568.13,1079.61,488.52,30,31.15
52,2025-08-26,East,Furniture,Tables,Meeting Table,1,920.51,534.17,386.34,98,41.97
53,2025-12-23,Central,Furniture,Tables,Computer Table,1,1279.88,903.91,375.97,98,29.38
54,2025-04-06,West,Office Supplies,Paper,Printer Paper,10,1624.22,917.6,706.62,23,43.51
55,2025-06-01,South,Furniture,Chairs,Conference Chair,11,2366.2,1978.56,387.64,88,16.38
56,2025-11-19,West,Office Supplies,Storage,File Cabinet,11,408.4,333.95,74.45,16,18.23
57,2025-09-10,Central,Furniture,Tables,Office Table,14,569.9,326.49,243.41,6,42.71
58,2025-03-31,East,Office Supplies,Storage,Storage Box,10,270.85,177.48,93.37,78,34.47
59,2025-08-05,West,Office Supplies,Storage,Storage Box,2,1290.49,1004.84,285.65,79,22.14
60,2025-04-09,South,Furniture,Chairs,Office Chair,3,1116.33,823.42,292.91,53,26.24
61,2025-07-02,West,Office Supplies,Binders,Ring Binder,5,1493.31,1248.63,244.68,16,16.39
62,2025-08-05,East,Technology,Phones,Smartphone,14,347.5,294.63,52.87,88,15.21
63,2025-03-17,West,Furniture,Bookcases,Wood Bookcase,9,1034.08,572.44,461.64,23,44.64
64,2025-04-09,South,Technology,Accessories,Headset,5,2381.46,1760.46,621.0,73,26.08
65,2025-04-19,West,Furniture,Bookcases,Wood Bookcase,9,1905.7,1545.94,359.76,43,18.88
66,2025-08-09,Central,Office Supplies,Paper,A4 Paper,3,2490.23,1415.54,1074.69,91,43.16
67,2025-09-10,East,Technology,Accessories,Headset,12,443.18,355.12,88.06,21,19.87
68,2025-01-05,West,Technology,Accessories,Keyboard,11,634.18,431.81,202.37,70,31.91
69,2025-11-23,West,Furniture,Tables,Office Table,6,1495.13,1248.19,246.94,21,16.52
70,2025-07-21,East,Furniture,Tables,Office Table,7,1256.0,847.47,408.53,95,32.53
71,2025-05-28,South,Technology,Machines,Laptop,12,1282.3,710.07,572.23,62,44.63
72,2025-07-10,South,Furniture,Bookcases,Wood Bookcase,12,1886.11,1461.25,424.86,66,22.53
73,2025-06-09,West,Furniture,Chairs,Ergonomic Chair,12,636.63,552.51,84.12,49,13.21
74,2025-08-15,Central,Furniture,Bookcases,Wood Bookcase,12,204.16,174.58,29.58,40,14.49
75,2025-09-16,South,Furniture,Tables,Office Table,1,1610.56,1255.59,354.97,58,22.04
76,2025-06-05,West,Technology,Phones,Smartphone,8,774.31,668.72,105.59,80,13.64
77,2025-08-16,South,Office Supplies,Paper,Printer Paper,12,948.05,704.03,244.02,45,25.74
78,2025-08-08,South,Technology,Accessories,Headset,4,1386.63,904.28,482.35,81,34.79
79,2025-10-30,West,Furniture,Chairs,Office Chair,3,282.88,243.38,39.5,73,13.96
80,2025-03-06,East,Office Supplies,Paper,Printer Paper,5,2203.99,1613.37,590.62,37,26.8
81,2025-10-10,West,Technology,Phones,Smartphone,6,1525.91,1031.05,494.86,63,32.43
82,2025-01-06,South,Furniture,Chairs,Office Chair,5,188.37,111.92,76.45,59,40.59
83,2025-06-14,East,Furniture,Chairs,Conference Chair,7,1899.79,1617.38,282.41,57,14.87
84,2025-06-22,West,Office Supplies,Storage,Storage Box,1,678.6,419.15,259.45,55,38.23
85,2025-06-03,East,Office Supplies,Binders,Ring Binder,8,1916.8,1083.9,832.9,43,43.45
86,2025-08-24,West,Office Supplies,Paper,Printer Paper,1,2095.29,1365.22,730.07,58,34.84
87,2025-08-17,West,Office Supplies,Paper,A4 Paper,7,1068.36,634.85,433.51,83,40.58
88,2025-11-02,East,Office Supplies,Paper,A4 Paper,12,611.11,363.61,247.5,42,40.5
89,2025-12-01,South,Office Supplies,Paper,A4 Paper,4,1149.94,975.58,174.36,42,15.16
90,2025-07-03,West,Office Supplies,Storage,File Cabinet,4,2169.67,1873.17,296.5,14,13.67
91,2025-07-24,East,Office Supplies,Binders,File Binder,6,258.97,146.35,112.62,57,43.49
92,2025-12-02,Central,Technology,Machines,Laptop,7,919.75,668.93,250.82,59,27.27
93,2025-03-02,East,Technology,Accessories,Keyboard,13,2252.29,1591.03,661.26,36,29.36
94,2025-11-22,West,Technology,Machines,Printer,13,505.44,324.46,180.98,26,35.81
95,2025-03-14,East,Furniture,Chairs,Office Chair,10,2246.12,1330.8,915.32,49,40.75
96,2025-02-17,West,Furniture,Bookcases,Wood Bookcase,11,1750.68,1258.47,492.21,67,28.12
97,2025-10-30,Central,Furniture,Tables,Meeting Table,4,302.84,226.25,76.59,83,25.29
98,2025-01-14,Central,Office Supplies,Paper,Printer Paper,2,1923.89,1395.43,528.46,30,27.47
99,2025-10-21,Central,Technology,Machines,Printer,12,2248.5,1616.34,632.16,22,28.11
100,2025-09-30,Central,Technology,Machines,Laptop,10,746.18,503.3,242.88,43,32.55
101,2025-03-09,East,Office Supplies,Paper,Printer Paper,4,387.43,326.94,60.49,29,15.61
102,2025-04-21,South,Technology,Phones,Smartphone,6,1251.0,929.23,321.77,38,25.72
103,2025-08-14,Central,Furniture,Bookcases,Metal Bookcase,10,781.06,523.17,257.89,68,33.02
104,2025-07-17,East,Technology,Phones,Desk Phone,6,1553.86,976.27,577.59,25,37.17
105,2025-05-17,Central,Technology,Accessories,Headset,8,310.93,253.7,57.23,59,18.41
106,2025-08-08,Central,Technology,Machines,Printer,6,1084.95,948.45,136.5,70,12.58
107,2025-07-13,Central,Technology,Accessories,Mouse,3,718.97,435.98,282.99,66,39.36
108,2025-10-02,South,Technology,Accessories,Headset,10,2112.6,1304.9,807.7,72,38.23
109,2025-05-19,Central,Furniture,Chairs,Conference Chair,6,1797.35,1443.93,353.42,41,19.66
110,2025-05-18,South,Furniture,Bookcases,Wood Bookcase,10,224.38,148.33,76.05,9,33.89
111,2025-09-30,West,Office Supplies,Binders,File Binder,5,2043.7,1295.77,747.93,77,36.6
112,2025-11-14,South,Technology,Machines,Laptop,1,1554.64,1262.55,292.09,73,18.79
113,2025-01-01,South,Office Supplies,Paper,A4 Paper,12,1854.08,1593.86,260.22,39,14.03
114,2025-10-18,West,Office Supplies,Binders,File Binder,12,2087.06,1664.78,422.28,34,20.23
115,2025-08-25,East,Furniture,Chairs,Conference Chair,4,1696.47,1225.89,470.58,93,27.74
116,2025-12-19,Central,Furniture,Tables,Office Table,13,1813.08,1535.48,277.6,42,15.31
117,2025-11-05,South,Technology,Machines,Printer,7,657.31,556.65,100.66,70,15.31
118,2025-02-11,South,Technology,Machines,Printer,3,1135.67,749.35,386.32,76,34.02
119,2025-06-06,East,Technology,Machines,Printer,11,1289.02,1024.36,264.66,40,20.53
120,2025-03-27,East,Furniture,Chairs,Ergonomic Chair,14,696.37,553.96,142.41,72,20.45
121,2025-10-30,South,Office Supplies,Binders,Ring Binder,13,1911.12,1116.02,795.1,35,41.6
122,2025-06-22,East,Furniture,Bookcases,Wood Bookcase,4,1395.67,991.62,404.05,80,28.95
123,2025-03-10,South,Technology,Machines,Printer,11,1765.48,1287.21,478.27,31,27.09
124,2025-12-12,East,Technology,Accessories,Mouse,7,922.06,576.31,345.75,51,37.5
125,2025-06-20,South,Technology,Accessories,Keyboard,1,433.88,253.07,180.81,64,41.67
126,2025-02-20,West,Furniture,Chairs,Conference Chair,10,466.09,344.99,121.1,13,25.98
127,2025-12-12,East,Office Supplies,Binders,File Binder,5,2285.65,1349.74,935.91,25,40.95
128,2025-05-29,Central,Office Supplies,Storage,Storage Box,3,897.15,585.64,311.51,44,34.72
129,2025-10-18,Central,Furniture,Chairs,Ergonomic Chair,10,593.39,480.63,112.76,45,19.0
130,2025-12-13,West,Furniture,Tables,Office Table,11,2315.1,1629.09,686.01,38,29.63
131,2025-06-29,East,Technology,Machines,Laptop,9,2290.6,1447.46,843.14,75,36.81
132,2025-02-18,Central,Furniture,Chairs,Ergonomic Chair,10,1973.19,1266.01,707.18,32,35.84
133,2025-11-23,West,Furniture,Chairs,Ergonomic Chair,13,1437.53,1198.91,238.62,53,16.6
134,2025-06-07,West,Furniture,Tables,Office Table,14,1124.29,915.09,209.2,36,18.61
135,2025-03-19,Central,Furniture,Chairs,Ergonomic Chair,2,1232.96,907.95,325.01,5,26.36
136,2025-11-15,South,Technology,Accessories,Mouse,14,1382.69,979.99,402.7,42,29.12
137,2025-06-11,South,Furniture,Chairs,Conference Chair,10,2370.68,1595.92,774.76,87,32.68
138,2025-11-17,West,Furniture,Bookcases,Wood Bookcase,13,474.77,373.3,101.47,12,21.37
139,2025-09-06,Central,Technology,Machines,Laptop,8,570.67,409.07,161.6,58,28.32
140,2025-04-06,South,Furniture,Bookcases,Wood Bookcase,2,1666.59,1047.62,618.97,39,37.14
141,2025-08-11,Central,Office Supplies,Paper,A4 Paper,6,2410.36,2076.9,333.46,89,13.83
142,2025-02-05,West,Office Supplies,Storage,File Cabinet,3,305.22,188.81,116.41,23,38.14
143,2025-07-14,Central,Office Supplies,Paper,A4 Paper,10,2061.86,1366.6,695.26,6,33.72
144,2025-12-21,South,Technology,Phones,Smartphone,2,1082.59,792.65,289.94,57,26.78
145,2025-08-03,South,Office Supplies,Paper,Printer Paper,8,436.27,364.98,71.29,63,16.34
146,2025-12-25,West,Furniture,Tables,Office Table,2,1329.9,1056.95,272.95,29,20.52
147,2025-10-20,Central,Office Supplies,Paper,A4 Paper,13,1112.09,660.19,451.9,91,40.64
148,2025-01-17,West,Office Supplies,Paper,Printer Paper,6,382.6,283.22,99.38,38,25.97
149,2025-01-27,West,Furniture,Tables,Computer Table,6,1828.49,1069.98,758.51,89,41.48
150,2025-06-22,West,Technology,Accessories,Headset,9,1533.79,1147.54,386.25,57,25.18
151,2025-12-29,West,Office Supplies,Binders,File Binder,2,1950.19,1344.21,605.98,58,31.07
152,2025-01-11,South,Technology,Phones,Desk Phone,11,1950.37,1116.63,833.74,44,42.75
153,2025-09-03,East,Furniture,Bookcases,Wood Bookcase,7,1564.97,1350.99,213.98,28,13.67
154,2025-12-31,Central,Furniture,Chairs,Office Chair,3,174.84,111.29,63.55,85,36.35
155,2025-05-09,West,Office Supplies,Binders,File Binder,8,1238.17,821.71,416.46,21,33.64
156,2025-04-12,East,Furniture,Bookcases,Metal Bookcase,3,1143.59,721.96,421.63,48,36.87
157,2025-02-26,Central,Technology,Phones,Desk Phone,1,2037.83,1767.8,270.03,78,13.25
158,2025-05-29,West,Furniture,Bookcases,Metal Bookcase,8,1400.56,1173.77,226.79,99,16.19
159,2025-09-25,Central,Technology,Phones,Desk Phone,2,1629.36,1423.39,205.97,93,12.64
160,2025-07-18,West,Technology,Accessories,Keyboard,10,2365.74,1331.94,1033.8,20,43.7
161,2025-05-17,Central,Technology,Accessories,Keyboard,5,1235.7,807.21,428.49,11,34.68
162,2025-04-13,West,Office Supplies,Storage,Storage Box,4,2008.82,1598.76,410.06,43,20.41
163,2025-10-20,Central,Office Supplies,Storage,File Cabinet,2,652.02,384.55,267.47,7,41.02
164,2025-12-15,East,Office Supplies,Storage,Storage Box,1,256.86,168.0,88.86,8,34.59
165,2025-11-07,Central,Furniture,Chairs,Office Chair,12,1348.4,931.54,416.86,70,30.92
166,2025-04-06,Central,Office Supplies,Paper,Printer Paper,2,100.57,61.47,39.1,36,38.88
167,2025-09-02,South,Technology,Machines,Laptop,13,941.71,756.36,185.35,66,19.68
168,2025-03-06,East,Furniture,Bookcases,Wood Bookcase,7,1943.86,1337.11,606.75,88,31.21
169,2025-10-20,West,Furniture,Bookcases,Wood Bookcase,4,951.09,613.25,337.84,22,35.52
170,2025-05-20,Central,Furniture,Chairs,Office Chair,9,208.24,122.05,86.19,92,41.39
171,2025-11-15,East,Office Supplies,Binders,Ring Binder,7,721.56,537.0,184.56,60,25.58
172,2025-03-13,South,Technology,Accessories,Keyboard,4,2474.04,1967.62,506.42,63,20.47
173,2025-08-06,West,Furniture,Bookcases,Metal Bookcase,10,1558.57,1120.9,437.67,61,28.08
174,2025-08-03,West,Furniture,Tables,Office Table,6,2082.89,1696.0,386.89,51,18.57
175,2025-06-27,East,Furniture,Bookcases,Metal Bookcase,10,2487.78,1511.04,976.74,39,39.26
176,2025-11-25,South,Office Supplies,Binders,File Binder,13,2253.85,1584.27,669.58,93,29.71
177,2025-01-29,West,Office Supplies,Binders,File Binder,11,1197.84,813.44,384.4,96,32.09
178,2025-09-18,Central,Technology,Phones,Desk Phone,8,2169.11,1772.47,396.64,29,18.29
179,2025-02-06,South,Technology,Accessories,Headset,10,112.2,87.47,24.73,22,22.04
180,2025-04-25,East,Furniture,Chairs,Ergonomic Chair,14,2142.9,1528.74,614.16,97,28.66
181,2025-12-02,South,Technology,Accessories,Headset,8,2174.78,1722.84,451.94,23,20.78
182,2025-06-30,East,Furniture,Bookcases,Wood Bookcase,13,484.96,320.18,164.78,93,33.98
183,2025-09-06,Central,Technology,Machines,Laptop,13,554.13,465.99,88.14,62,15.91
184,2025-03-23,South,Technology,Machines,Laptop,14,409.29,270.37,138.92,43,33.94
185,2025-06-04,West,Office Supplies,Paper,A4 Paper,13,1317.92,727.63,590.29,50,44.79
186,2025-11-22,Central,Furniture,Chairs,Conference Chair,13,1004.07,555.24,448.83,39,44.7
187,2025-12-01,East,Office Supplies,Storage,File Cabinet,12,1137.38,940.89,196.49,64,17.28
188,2025-08-07,South,Furniture,Chairs,Office Chair,2,2349.35,1825.45,523.9,72,22.3
189,2025-11-02,East,Furniture,Tables,Meeting Table,10,1497.21,994.36,502.85,86,33.59
190,2025-01-07,West,Technology,Phones,Desk Phone,13,1899.16,1126.07,773.09,80,40.71
191,2025-01-26,East,Technology,Phones,Desk Phone,11,992.4,813.97,178.43,62,17.98
192,2025-09-28,Central,Office Supplies,Paper,A4 Paper,9,2366.33,1381.28,985.05,43,41.63
193,2025-01-22,Central,Furniture,Chairs,Conference Chair,14,629.85,363.54,266.31,88,42.28
194,2025-10-30,South,Technology,Machines,Printer,13,2411.77,1351.39,1060.38,25,43.97
195,2025-02-27,South,Furniture,Bookcases,Metal Bookcase,3,1054.23,675.22,379.01,5,35.95
196,2025-01-12,East,Office Supplies,Storage,File Cabinet,9,611.45,342.58,268.87,28,43.97
197,2025-01-08,Central,Technology,Machines,Laptop,13,482.19,297.62,184.57,57,38.28
198,2025-01-24,South,Technology,Accessories,Mouse,12,1926.46,1457.66,468.8,57,24.33
199,2025-09-30,East,Office Supplies,Storage,File Cabinet,14,2011.69,1426.09,585.6,75,29.11
200,2025-12-10,South,Furniture,Tables,Meeting Table,5,485.98,371.78,114.2,6,23.5
201,2025-06-15,South,Technology,Phones,Smartphone,2,127.89,73.4,54.49,99,42.61
202,2025-08-02,Central,Technology,Phones,Smartphone,8,2164.29,1747.34,416.95,15,19.26
203,2025-04-02,South,Furniture,Chairs,Ergonomic Chair,6,1470.17,817.5,652.67,90,44.39
204,2025-03-18,South,Furniture,Tables,Computer Table,1,883.51,636.87,246.64,81,27.92
205,2025-04-16,Central,Office Supplies,Paper,A4 Paper,14,418.52,308.57,109.95,19,26.27
206,2025-12-25,Central,Furniture,Bookcases,Wood Bookcase,6,1795.54,1006.26,789.28,77,43.96
207,2025-03-25,South,Furniture,Tables,Computer Table,11,1600.73,1294.24,306.49,11,19.15
208,2025-12-28,East,Office Supplies,Paper,Printer Paper,9,1185.56,903.85,281.71,64,23.76
209,2025-08-31,East,Technology,Accessories,Mouse,9,1523.87,1165.15,358.72,49,23.54
210,2025-07-02,South,Technology,Machines,Laptop,7,908.55,554.31,354.24,57,38.99
211,2025-05-11,South,Technology,Accessories,Mouse,8,1826.08,1142.01,684.07,63,37.46
212,2025-11-28,West,Office Supplies,Storage,Storage Box,1,629.35,433.04,196.31,11,31.19
213,2025-08-08,South,Office Supplies,Binders,Ring Binder,5,1098.18,910.68,187.5,8,17.07
214,2025-12-01,East,Office Supplies,Paper,A4 Paper,10,1333.59,992.27,341.32,70,25.59
215,2025-05-11,West,Office Supplies,Storage,File Cabinet,13,2481.12,1597.03,884.09,16,35.63
216,2025-03-28,East,Office Supplies,Binders,Ring Binder,4,665.9,536.77,129.13,98,19.39
217,2025-11-14,East,Office Supplies,Paper,Printer Paper,13,534.34,444.54,89.8,45,16.81
218,2025-05-25,Central,Furniture,Bookcases,Metal Bookcase,2,1335.56,892.88,442.68,74,33.15
219,2025-06-13,West,Furniture,Chairs,Office Chair,1,2159.17,1193.98,965.19,44,44.7
220,2025-04-03,East,Technology,Machines,Printer,14,666.52,382.75,283.77,84,42.57
221,2025-11-09,South,Office Supplies,Binders,Ring Binder,12,1178.64,876.91,301.73,5,25.6
222,2025-04-30,South,Office Supplies,Binders,Ring Binder,5,1867.36,1436.1,431.26,53,23.09
223,2025-05-10,West,Technology,Machines,Laptop,2,594.02,348.65,245.37,82,41.31
224,2025-09-02,Central,Technology,Phones,Desk Phone,3,224.07,170.56,53.51,74,23.88
225,2025-08-30,South,Furniture,Chairs,Ergonomic Chair,4,1503.21,1168.16,335.05,57,22.29
226,2025-08-11,South,Technology,Machines,Laptop,9,2384.35,1814.27,570.08,43,23.91
227,2025-11-04,South,Technology,Machines,Laptop,7,922.37,669.31,253.06,49,27.44
228,2025-06-06,South,Office Supplies,Paper,Printer Paper,1,1716.24,1493.25,222.99,12,12.99
229,2025-04-24,East,Office Supplies,Binders,Ring Binder,7,525.16,408.87,116.29,94,22.14
230,2025-10-29,South,Furniture,Tables,Office Table,8,1469.46,822.94,646.52,93,44.0
231,2025-08-08,East,Furniture,Chairs,Conference Chair,5,2358.1,1940.38,417.72,94,17.71
232,2025-09-02,West,Office Supplies,Paper,A4 Paper,13,2445.22,1673.21,772.01,77,31.57
233,2025-04-12,Central,Technology,Phones,Smartphone,14,2208.44,1509.17,699.27,8,31.66
234,2025-05-09,South,Office Supplies,Paper,Printer Paper,13,2206.94,1444.83,762.11,79,34.53
235,2025-05-23,West,Office Supplies,Paper,A4 Paper,12,113.82,74.79,39.03,75,34.29
236,2025-04-12,East,Technology,Phones,Smartphone,3,1531.57,1118.16,413.41,48,26.99
237,2025-01-03,West,Technology,Machines,Laptop,14,1703.71,1285.33,418.38,13,24.56
238,2025-05-13,East,Office Supplies,Paper,Printer Paper,9,2294.17,1877.88,416.29,16,18.15
239,2025-10-29,East,Furniture,Bookcases,Metal Bookcase,7,1244.07,846.14,397.93,74,31.99
240,2025-10-08,South,Technology,Machines,Printer,5,2073.74,1435.41,638.33,19,30.78
241,2025-11-30,West,Technology,Machines,Printer,3,573.17,405.88,167.29,38,29.19
242,2025-04-16,South,Furniture,Tables,Office Table,8,2331.05,1691.52,639.53,20,27.44
243,2025-09-20,Central,Office Supplies,Paper,Printer Paper,9,754.3,517.81,236.49,98,31.35
244,2025-10-25,South,Office Supplies,Storage,Storage Box,1,543.0,351.56,191.44,46,35.26
245,2025-05-21,Central,Office Supplies,Storage,File Cabinet,10,1420.54,801.65,618.89,51,43.57
246,2025-01-10,South,Office Supplies,Paper,A4 Paper,9,2222.1,1389.4,832.7,19,37.47
247,2025-12-13,West,Office Supplies,Binders,Ring Binder,1,2274.14,1828.59,445.55,30,19.59
248,2025-06-13,East,Office Supplies,Storage,File Cabinet,2,1116.97,860.39,256.58,23,22.97
249,2025-04-29,West,Furniture,Bookcases,Metal Bookcase,12,467.16,293.2,173.96,37,37.24
250,2025-03-19,West,Furniture,Tables,Meeting Table,11,1640.73,1231.11,409.62,14,24.97
251,2025-05-26,Central,Furniture,Chairs,Office Chair,7,440.26,282.03,158.23,89,35.94
252,2025-07-07,East,Office Supplies,Paper,A4 Paper,7,1822.23,1418.61,403.62,28,22.15
253,2025-08-20,West,Technology,Accessories,Mouse,14,1488.13,953.11,535.02,40,35.95
254,2025-09-26,West,Furniture,Bookcases,Wood Bookcase,9,876.09,547.38,328.71,72,37.52
255,2025-02-19,Central,Office Supplies,Binders,File Binder,6,660.91,481.28,179.63,76,27.18
256,2025-09-15,East,Office Supplies,Binders,File Binder,7,899.2,693.22,205.98,48,22.91
257,2025-02-05,West,Furniture,Bookcases,Metal Bookcase,6,1171.25,773.12,398.13,48,33.99
258,2025-06-07,West,Furniture,Chairs,Conference Chair,10,1911.61,1158.93,752.68,66,39.37
259,2025-12-14,Central,Technology,Phones,Desk Phone,14,1695.79,1377.83,317.96,27,18.75
260,2025-05-29,South,Office Supplies,Binders,File Binder,9,2324.8,1692.89,631.91,34,27.18
261,2025-02-07,South,Office Supplies,Paper,Printer Paper,5,1990.96,1663.14,327.82,20,16.47
262,2025-12-27,West,Office Supplies,Binders,File Binder,13,382.36,238.99,143.37,70,37.5
263,2025-06-03,South,Office Supplies,Storage,Storage Box,4,1429.13,930.11,499.02,66,34.92
264,2025-04-11,South,Office Supplies,Storage,File Cabinet,6,2306.54,1646.86,659.68,64,28.6
265,2025-08-04,East,Office Supplies,Storage,Storage Box,3,379.28,310.92,68.36,34,18.02
266,2025-06-12,East,Office Supplies,Paper,Printer Paper,14,439.07,272.2,166.87,77,38.01
267,2025-10-08,West,Technology,Accessories,Headset,10,930.64,811.47,119.17,29,12.81
268,2025-01-25,West,Office Supplies,Binders,File Binder,6,1555.29,926.85,628.44,56,40.41
269,2025-01-12,South,Furniture,Tables,Meeting Table,4,161.95,96.3,65.65,49,40.54
270,2025-12-15,Central,Furniture,Bookcases,Metal Bookcase,6,2202.65,1413.35,789.3,36,35.83
271,2025-09-23,West,Office Supplies,Paper,Printer Paper,5,975.52,660.95,314.57,87,32.25
272,2025-03-24,West,Office Supplies,Paper,A4 Paper,9,1910.21,1441.13,469.08,91,24.56
273,2025-09-09,West,Technology,Phones,Smartphone,7,1978.47,1261.43,717.04,84,36.24
274,2025-05-04,East,Technology,Phones,Smartphone,4,1576.53,1026.42,550.11,40,34.89
275,2025-06-04,South,Technology,Accessories,Headset,13,2001.02,1367.86,633.16,11,31.64
276,2025-03-03,Central,Office Supplies,Paper,A4 Paper,14,1860.67,1495.74,364.93,59,19.61
277,2025-03-06,West,Furniture,Tables,Computer Table,10,723.55,579.49,144.06,43,19.91
278,2025-06-09,South,Furniture,Tables,Computer Table,5,1610.32,991.35,618.97,49,38.44
279,2025-04-27,East,Furniture,Bookcases,Wood Bookcase,4,1415.1,990.49,424.61,59,30.01
280,2025-02-11,West,Office Supplies,Paper,Printer Paper,3,684.35,523.57,160.78,97,23.49
281,2025-05-09,East,Office Supplies,Binders,Ring Binder,9,2392.8,1937.4,455.4,45,19.03
282,2025-10-11,Central,Furniture,Chairs,Office Chair,8,2332.77,1477.83,854.94,25,36.65
283,2025-12-09,South,Technology,Accessories,Headset,1,1180.3,737.57,442.73,64,37.51
284,2025-11-29,South,Furniture,Bookcases,Wood Bookcase,5,1869.84,1344.48,525.36,12,28.1
285,2025-01-17,West,Furniture,Bookcases,Wood Bookcase,3,1681.69,1370.08,311.61,28,18.53
286,2025-01-28,Central,Furniture,Tables,Office Table,3,811.69,540.1,271.59,11,33.46
287,2025-05-18,East,Technology,Accessories,Keyboard,8,1419.08,1169.43,249.65,68,17.59
288,2025-02-18,South,Technology,Phones,Smartphone,9,1977.96,1236.6,741.36,70,37.48
289,2025-05-29,South,Office Supplies,Paper,A4 Paper,14,1645.37,1192.89,452.48,14,27.5
290,2025-01-10,Central,Technology,Accessories,Mouse,12,1266.44,1081.16,185.28,15,14.63
291,2025-04-24,East,Furniture,Tables,Office Table,14,328.03,221.12,106.91,93,32.59
292,2025-05-02,South,Office Supplies,Binders,File Binder,8,573.93,483.64,90.29,25,15.73
293,2025-05-29,East,Office Supplies,Storage,Storage Box,2,2131.63,1818.8,312.83,25,14.68
294,2025-08-23,West,Office Supplies,Paper,A4 Paper,6,533.43,302.87,230.56,26,43.22
295,2025-02-19,Central,Office Supplies,Binders,Ring Binder,4,495.56,294.1,201.46,31,40.65
296,2025-07-08,West,Technology,Machines,Printer,11,2117.69,1676.84,440.85,41,20.82
297,2025-05-08,West,Technology,Machines,Laptop,7,1456.05,1131.83,324.22,29,22.27
298,2025-04-14,Central,Technology,Accessories,Mouse,5,122.4,77.28,45.12,7,36.86
299,2025-03-07,West,Office Supplies,Paper,A4 Paper,14,846.23,672.73,173.5,95,20.5
300,2025-01-14,West,Furniture,Chairs,Office Chair,12,2135.31,1766.3,369.01,85,17.28
301,2025-11-08,Central,Office Supplies,Binders,Ring Binder,7,1728.11,1381.74,346.37,74,20.04
302,2025-10-20,East,Furniture,Tables,Office Table,8,1176.67,927.55,249.12,30,21.17
303,2025-02-26,West,Furniture,Tables,Office Table,4,107.72,81.27,26.45,64,24.55
304,2025-07-05,Central,Furniture,Bookcases,Wood Bookcase,8,1254.33,955.76,298.57,84,23.8
305,2025-11-01,Central,Office Supplies,Paper,Printer Paper,12,2031.97,1298.51,733.46,23,36.1
306,2025-12-22,South,Office Supplies,Storage,File Cabinet,10,1769.0,1408.4,360.6,35,20.38
307,2025-11-15,South,Technology,Phones,Desk Phone,1,393.7,312.09,81.61,22,20.73
308,2025-06-10,West,Furniture,Bookcases,Metal Bookcase,12,1865.59,1640.7,224.89,49,12.05
309,2025-12-25,West,Office Supplies,Storage,Storage Box,12,1746.19,1531.53,214.66,79,12.29
310,2025-04-17,West,Office Supplies,Binders,Ring Binder,3,1457.32,1272.65,184.67,81,12.67
311,2025-09-02,Central,Office Supplies,Paper,Printer Paper,13,755.37,544.6,210.77,55,27.9
312,2025-02-18,West,Office Supplies,Storage,File Cabinet,5,641.3,432.48,208.82,88,32.56
313,2025-05-09,South,Office Supplies,Binders,File Binder,7,420.35,242.37,177.98,43,42.34
314,2025-01-31,South,Furniture,Tables,Meeting Table,12,481.38,361.7,119.68,61,24.86
315,2025-06-12,Central,Furniture,Chairs,Office Chair,6,778.59,439.68,338.91,96,43.53
316,2025-03-11,South,Office Supplies,Paper,Printer Paper,9,990.9,685.24,305.66,81,30.85
317,2025-07-15,East,Furniture,Chairs,Conference Chair,9,250.37,212.6,37.77,25,15.09
318,2025-05-28,South,Furniture,Bookcases,Wood Bookcase,8,307.42,193.1,114.32,79,37.19
319,2025-06-14,East,Technology,Machines,Printer,14,225.42,155.13,70.29,61,31.18
320,2025-12-11,West,Furniture,Tables,Meeting Table,8,1670.02,1027.68,642.34,53,38.46
321,2025-03-27,Central,Furniture,Chairs,Ergonomic Chair,10,152.88,120.41,32.47,75,21.24
322,2025-03-27,West,Furniture,Chairs,Ergonomic Chair,11,645.78,441.27,204.51,45,31.67
323,2025-01-05,East,Furniture,Tables,Computer Table,10,642.75,533.15,109.6,89,17.05
324,2025-03-27,South,Office Supplies,Binders,File Binder,3,334.15,278.83,55.32,43,16.56
325,2025-02-01,Central,Technology,Accessories,Headset,1,1202.18,681.81,520.37,68,43.29
326,2025-03-20,East,Furniture,Tables,Office Table,8,1920.22,1533.98,386.24,89,20.11
327,2025-03-07,West,Office Supplies,Storage,Storage Box,10,1182.97,1035.15,147.82,67,12.5
328,2025-06-16,South,Office Supplies,Storage,File Cabinet,3,777.83,528.1,249.73,10,32.11
329,2025-09-25,East,Technology,Phones,Smartphone,3,1013.01,816.44,196.57,15,19.4
330,2025-02-11,South,Furniture,Chairs,Ergonomic Chair,14,849.64,647.5,202.14,86,23.79
331,2025-08-08,West,Office Supplies,Paper,A4 Paper,11,1572.34,1053.19,519.15,44,33.02
332,2025-09-03,Central,Technology,Phones,Desk Phone,4,1670.3,1002.5,667.8,98,39.98
333,2025-06-07,West,Furniture,Bookcases,Metal Bookcase,13,867.2,759.82,107.38,25,12.38
334,2025-01-25,Central,Office Supplies,Paper,Printer Paper,11,1125.98,679.57,446.41,73,39.65
335,2025-09-22,South,Furniture,Chairs,Office Chair,3,603.41,407.35,196.06,65,32.49
336,2025-12-30,South,Office Supplies,Paper,Printer Paper,11,1804.58,1179.72,624.86,70,34.63
337,2025-10-04,South,Furniture,Chairs,Office Chair,14,2066.21,1736.32,329.89,94,15.97
338,2025-12-04,East,Office Supplies,Paper,A4 Paper,9,675.7,403.29,272.41,55,40.32
339,2025-12-16,Central,Technology,Phones,Smartphone,5,1590.23,1059.54,530.69,15,33.37
340,2025-09-05,South,Technology,Machines,Printer,2,403.04,311.61,91.43,44,22.69
341,2025-05-08,Central,Technology,Machines,Laptop,8,2153.77,1346.04,807.73,91,37.5
342,2025-04-27,West,Technology,Accessories,Keyboard,5,617.27,412.91,204.36,61,33.11
343,2025-07-26,East,Office Supplies,Paper,Printer Paper,3,2190.89,1758.85,432.04,81,19.72
344,2025-02-07,East,Technology,Phones,Desk Phone,11,1709.76,1256.58,453.18,50,26.51
345,2025-10-08,South,Furniture,Tables,Office Table,11,1090.63,888.62,202.01,88,18.52
346,2025-10-02,West,Office Supplies,Paper,Printer Paper,3,772.09,643.35,128.74,55,16.67
347,2025-04-30,East,Furniture,Bookcases,Metal Bookcase,7,1844.01,1199.65,644.36,23,34.94
348,2025-03-30,East,Furniture,Chairs,Ergonomic Chair,8,680.55,377.09,303.46,56,44.59
349,2025-03-09,South,Technology,Phones,Smartphone,9,643.24,508.79,134.45,72,20.9
350,2025-03-03,West,Office Supplies,Binders,Ring Binder,7,1523.73,1286.73,237.0,20,15.55
351,2025-10-31,South,Office Supplies,Storage,Storage Box,5,2489.05,2071.83,417.22,73,16.76
352,2025-11-20,Central,Furniture,Bookcases,Metal Bookcase,13,375.84,218.35,157.49,13,41.9
353,2025-03-17,East,Furniture,Tables,Meeting Table,8,160.34,124.93,35.41,80,22.08
354,2025-11-03,East,Technology,Machines,Printer,6,917.96,554.81,363.15,25,39.56
355,2025-03-17,West,Furniture,Chairs,Conference Chair,12,669.84,481.67,188.17,8,28.09
356,2025-03-13,Central,Technology,Accessories,Mouse,9,751.77,530.79,220.98,5,29.39
357,2025-08-06,Central,Office Supplies,Paper,Printer Paper,12,710.54,475.64,234.9,10,33.06
358,2025-05-22,Central,Technology,Accessories,Keyboard,3,1181.12,833.97,347.15,44,29.39
359,2025-05-16,Central,Furniture,Chairs,Ergonomic Chair,1,1388.82,1155.31,233.51,66,16.81
360,2025-08-21,West,Furniture,Tables,Office Table,14,2026.21,1496.92,529.29,58,26.12
361,2025-07-02,West,Furniture,Chairs,Ergonomic Chair,11,2063.7,1497.07,566.63,43,27.46
362,2025-02-14,West,Technology,Phones,Desk Phone,13,1785.42,1566.94,218.48,50,12.24
363,2025-03-31,Central,Technology,Phones,Smartphone,1,719.62,555.99,163.63,49,22.74
364,2025-08-03,West,Office Supplies,Binders,File Binder,14,2170.91,1195.51,975.4,51,44.93
365,2025-05-27,Central,Technology,Accessories,Mouse,4,374.77,253.59,121.18,86,32.33
366,2025-10-12,West,Furniture,Chairs,Office Chair,2,870.59,694.25,176.34,67,20.26
367,2025-04-28,West,Office Supplies,Paper,A4 Paper,2,1524.79,843.73,681.06,55,44.67
368,2025-04-03,East,Furniture,Bookcases,Metal Bookcase,5,512.44,389.71,122.73,6,23.95
369,2025-11-07,West,Technology,Accessories,Mouse,3,128.1,88.3,39.8,69,31.07
370,2025-10-21,South,Technology,Accessories,Keyboard,9,395.21,290.22,104.99,27,26.57
371,2025-05-02,East,Furniture,Tables,Office Table,7,1131.83,873.86,257.97,77,22.79
372,2025-02-17,South,Office Supplies,Storage,Storage Box,7,2158.15,1839.8,318.35,79,14.75
373,2025-10-17,South,Office Supplies,Storage,Storage Box,8,165.81,112.7,53.11,43,32.03
374,2025-06-06,East,Furniture,Bookcases,Metal Bookcase,4,207.47,166.27,41.2,23,19.86
375,2025-10-21,South,Office Supplies,Storage,Storage Box,11,1026.1,832.44,193.66,53,18.87
376,2025-11-21,East,Furniture,Tables,Computer Table,13,1189.6,924.47,265.13,54,22.29
377,2025-08-22,Central,Technology,Machines,Printer,14,425.89,248.2,177.69,68,41.72
378,2025-06-19,South,Office Supplies,Paper,A4 Paper,10,452.95,322.04,130.91,41,28.9
379,2025-03-18,Central,Furniture,Bookcases,Wood Bookcase,9,1165.91,1024.02,141.89,33,12.17
380,2025-06-14,West,Technology,Accessories,Keyboard,4,1025.23,679.04,346.19,73,33.77
381,2025-02-11,East,Furniture,Chairs,Office Chair,7,504.01,318.27,185.74,55,36.85
382,2025-10-27,Central,Furniture,Bookcases,Metal Bookcase,12,238.35,158.03,80.32,25,33.7
383,2025-04-21,East,Technology,Machines,Printer,3,1493.12,889.8,603.32,17,40.41
384,2025-09-06,South,Technology,Machines,Printer,8,2485.24,2088.85,396.39,90,15.95
385,2025-04-11,South,Office Supplies,Storage,Storage Box,5,1853.96,1110.22,743.74,21,40.12
386,2025-06-22,Central,Office Supplies,Storage,Storage Box,11,2413.67,2051.91,361.76,58,14.99
387,2025-01-20,West,Office Supplies,Binders,File Binder,1,1997.22,1180.74,816.48,60,40.88
388,2025-04-18,South,Office Supplies,Paper,Printer Paper,10,2427.06,2095.06,332.0,52,13.68
389,2025-08-04,Central,Office Supplies,Storage,Storage Box,1,1000.79,644.82,355.97,66,35.57
390,2025-08-07,East,Technology,Machines,Printer,1,2304.96,1543.28,761.68,55,33.05
391,2025-11-25,South,Technology,Machines,Printer,3,1519.38,1240.08,279.3,52,18.38
392,2025-10-21,Central,Furniture,Chairs,Ergonomic Chair,3,2132.73,1801.56,331.17,67,15.53
393,2025-04-24,South,Technology,Phones,Smartphone,7,2431.68,1514.56,917.12,84,37.72
394,2025-05-06,West,Office Supplies,Binders,File Binder,10,1834.5,1428.22,406.28,68,22.15
395,2025-06-12,Central,Office Supplies,Binders,File Binder,14,1859.32,1346.95,512.37,51,27.56
396,2025-10-19,West,Office Supplies,Paper,A4 Paper,3,315.55,173.79,141.76,69,44.92
397,2025-05-08,West,Furniture,Chairs,Conference Chair,5,442.84,353.67,89.17,64,20.14
398,2025-10-17,East,Technology,Phones,Desk Phone,7,1780.08,1040.37,739.71,13,41.55
399,2025-07-07,West,Office Supplies,Paper,A4 Paper,3,258.42,171.88,86.54,18,33.49
400,2025-05-25,Central,Furniture,Tables,Meeting Table,2,2392.28,1728.3,663.98,44,27.76
401,2025-01-13,South,Office Supplies,Paper,Printer Paper,2,1797.01,1018.14,778.87,94,43.34
402,2025-04-30,East,Technology,Machines,Laptop,7,2172.16,1482.35,689.81,82,31.76
403,2025-08-21,East,Technology,Machines,Laptop,1,871.59,616.41,255.18,21,29.28
404,2025-01-31,West,Furniture,Chairs,Ergonomic Chair,9,615.11,422.78,192.33,90,31.27
405,2025-02-21,South,Technology,Machines,Laptop,8,1178.44,875.98,302.46,58,25.67
406,2025-01-22,East,Office Supplies,Paper,Printer Paper,8,1813.49,1489.67,323.82,83,17.86
407,2025-10-17,East,Technology,Phones,Smartphone,7,1960.83,1254.08,706.75,35,36.04
408,2025-08-29,East,Office Supplies,Storage,Storage Box,9,751.71,513.27,238.44,99,31.72
409,2025-11-02,South,Furniture,Tables,Computer Table,7,762.81,597.51,165.3,92,21.67
410,2025-05-01,West,Furniture,Tables,Meeting Table,12,2357.08,1360.73,996.35,15,42.27
411,2025-11-03,West,Technology,Machines,Printer,4,2122.51,1386.86,735.65,86,34.66
412,2025-07-05,Central,Technology,Phones,Desk Phone,5,1005.56,872.97,132.59,21,13.19
413,2025-06-24,Central,Office Supplies,Binders,Ring Binder,7,2332.41,1932.64,399.77,14,17.14
414,2025-09-30,South,Furniture,Chairs,Conference Chair,12,1699.32,1476.36,222.96,15,13.12
415,2025-10-20,East,Technology,Phones,Desk Phone,3,745.52,527.0,218.52,16,29.31
416,2025-05-26,South,Furniture,Chairs,Office Chair,9,2396.32,1713.69,682.63,51,28.49
417,2025-08-17,West,Office Supplies,Storage,File Cabinet,13,106.92,89.11,17.81,86,16.66
418,2025-04-10,West,Technology,Accessories,Keyboard,8,1677.65,1184.17,493.48,90,29.41
419,2025-10-01,Central,Technology,Phones,Smartphone,7,808.72,481.25,327.47,40,40.49
420,2025-09-09,Central,Office Supplies,Binders,File Binder,4,1811.7,1115.54,696.16,25,38.43
421,2025-10-30,West,Technology,Phones,Smartphone,5,2075.94,1677.49,398.45,48,19.19
422,2025-12-22,East,Office Supplies,Paper,A4 Paper,6,1009.83,667.82,342.01,85,33.87
423,2025-01-24,West,Office Supplies,Storage,Storage Box,12,1866.88,1230.24,636.64,58,34.1
424,2025-04-29,South,Technology,Phones,Desk Phone,1,199.98,136.23,63.75,88,31.88
425,2025-06-19,Central,Technology,Phones,Desk Phone,6,415.64,346.17,69.47,57,16.71
426,2025-02-02,Central,Technology,Accessories,Keyboard,5,388.5,247.72,140.78,29,36.24
427,2025-05-15,South,Office Supplies,Storage,File Cabinet,11,1640.46,1211.18,429.28,81,26.17
428,2025-02-14,East,Technology,Machines,Printer,7,1412.71,1163.82,248.89,93,17.62
429,2025-03-20,South,Technology,Machines,Printer,12,647.76,408.98,238.78,81,36.86
430,2025-11-27,Central,Technology,Accessories,Mouse,8,2476.5,1557.53,918.97,88,37.11
431,2025-01-26,West,Office Supplies,Binders,Ring Binder,10,640.92,393.93,246.99,61,38.54
432,2025-12-17,South,Office Supplies,Storage,Storage Box,8,762.97,666.79,96.18,72,12.61
433,2025-07-07,West,Technology,Machines,Printer,8,928.46,791.76,136.7,58,14.72
434,2025-03-25,South,Technology,Machines,Printer,2,1756.0,1365.7,390.3,9,22.23
435,2025-08-12,West,Furniture,Bookcases,Metal Bookcase,11,422.26,365.73,56.53,19,13.39
436,2025-07-29,East,Office Supplies,Binders,File Binder,6,282.97,181.29,101.68,66,35.93
437,2025-01-08,South,Office Supplies,Paper,A4 Paper,6,1200.64,882.58,318.06,97,26.49
438,2025-01-11,Central,Furniture,Bookcases,Metal Bookcase,13,2124.76,1856.6,268.16,54,12.62
439,2025-07-06,East,Office Supplies,Binders,File Binder,8,1627.69,1162.85,464.84,68,28.56
440,2025-11-07,East,Office Supplies,Binders,File Binder,3,722.9,501.84,221.06,91,30.58
441,2025-05-05,East,Office Supplies,Paper,Printer Paper,13,134.06,110.43,23.63,63,17.63
442,2025-05-21,East,Furniture,Bookcases,Wood Bookcase,7,1351.5,1179.2,172.3,12,12.75
443,2025-03-29,East,Office Supplies,Storage,File Cabinet,11,1637.48,1260.82,376.66,88,23.0
444,2025-06-05,East,Office Supplies,Binders,File Binder,4,1547.35,1277.62,269.73,96,17.43
445,2025-04-01,East,Technology,Machines,Printer,2,632.98,415.33,217.65,59,34.38
446,2025-08-16,West,Furniture,Bookcases,Wood Bookcase,13,1066.63,901.55,165.08,14,15.48
447,2025-11-23,West,Office Supplies,Storage,Storage Box,9,2391.63,1705.81,685.82,97,28.68
448,2025-07-25,West,Technology,Phones,Desk Phone,11,2304.22,1990.4,313.82,94,13.62
449,2025-04-24,West,Office Supplies,Binders,File Binder,2,1027.18,759.46,267.72,72,26.06
450,2025-02-10,West,Office Supplies,Paper,A4 Paper,11,2438.49,1363.31,1075.18,79,44.09
451,2025-08-09,South,Furniture,Tables,Meeting Table,13,520.53,435.18,85.35,45,16.4
452,2025-04-19,South,Furniture,Bookcases,Metal Bookcase,10,1492.21,1075.15,417.06,23,27.95
453,2025-05-12,Central,Technology,Machines,Printer,5,2371.5,2002.84,368.66,82,15.55
454,2025-04-22,Central,Office Supplies,Storage,File Cabinet,9,591.23,440.51,150.72,23,25.49
455,2025-07-14,Central,Office Supplies,Paper,A4 Paper,3,974.45,630.89,343.56,41,35.26
456,2025-11-19,East,Technology,Machines,Printer,8,1844.2,1485.3,358.9,8,19.46
457,2025-12-17,East,Furniture,Chairs,Conference Chair,13,208.97,134.93,74.04,73,35.43
458,2025-12-23,West,Furniture,Tables,Meeting Table,6,100.03,68.77,31.26,74,31.25
459,2025-12-08,Central,Office Supplies,Storage,Storage Box,3,830.08,539.8,290.28,55,34.97
460,2025-11-10,East,Office Supplies,Storage,Storage Box,13,1637.53,1125.41,512.12,91,31.27
461,2025-02-16,East,Office Supplies,Paper,A4 Paper,14,1810.29,1483.6,326.69,61,18.05
462,2025-07-21,South,Technology,Accessories,Keyboard,11,1401.93,840.27,561.66,35,40.06
463,2025-09-30,South,Technology,Accessories,Headset,10,1342.23,857.31,484.92,90,36.13
464,2025-08-05,Central,Technology,Phones,Smartphone,1,1921.61,1121.89,799.72,67,41.62
465,2025-01-01,Central,Furniture,Chairs,Conference Chair,7,2086.02,1627.26,458.76,74,21.99
466,2025-03-14,West,Technology,Accessories,Headset,2,2141.13,1421.11,720.02,45,33.63
467,2025-06-24,West,Office Supplies,Paper,Printer Paper,1,2448.46,2038.73,409.73,80,16.73
468,2025-12-05,Central,Technology,Phones,Smartphone,4,1013.24,611.8,401.44,22,39.62
469,2025-08-04,Central,Technology,Accessories,Mouse,7,1578.19,1307.19,271.0,8,17.17
470,2025-10-10,South,Furniture,Bookcases,Metal Bookcase,3,1411.43,1226.7,184.73,69,13.09
471,2025-02-12,East,Office Supplies,Binders,File Binder,12,2020.01,1479.44,540.57,84,26.76
472,2025-11-24,Central,Furniture,Bookcases,Metal Bookcase,6,1600.07,1047.18,552.89,61,34.55
473,2025-11-24,South,Office Supplies,Storage,Storage Box,3,2141.63,1871.85,269.78,86,12.6
474,2025-04-07,West,Furniture,Chairs,Office Chair,12,1037.64,636.25,401.39,21,38.68
475,2025-01-19,East,Furniture,Tables,Meeting Table,14,264.05,213.52,50.53,54,19.14
476,2025-03-25,East,Furniture,Bookcases,Metal Bookcase,1,592.96,400.77,192.19,17,32.41
477,2025-09-05,South,Technology,Machines,Printer,6,577.58,397.4,180.18,97,31.2
478,2025-06-06,East,Furniture,Tables,Office Table,10,1136.85,993.06,143.79,66,12.65
479,2025-03-23,East,Furniture,Tables,Computer Table,9,1414.68,1235.09,179.59,73,12.69
480,2025-04-08,West,Furniture,Chairs,Conference Chair,3,1347.29,773.93,573.36,14,42.56
481,2025-08-07,West,Technology,Accessories,Mouse,7,1755.47,1048.89,706.58,43,40.25
482,2025-11-18,East,Technology,Accessories,Headset,3,1132.9,883.22,249.68,88,22.04
483,2025-12-18,South,Furniture,Tables,Computer Table,10,2416.04,1528.86,887.18,77,36.72
484,2025-03-06,Central,Office Supplies,Binders,Ring Binder,13,750.63,560.89,189.74,72,25.28
485,2025-09-05,East,Office Supplies,Binders,File Binder,3,1569.42,973.54,595.88,52,37.97
486,2025-01-07,West,Office Supplies,Paper,A4 Paper,13,221.17,167.44,53.73,72,24.29
487,2025-10-15,East,Furniture,Bookcases,Wood Bookcase,14,629.16,496.72,132.44,36,21.05
488,2025-05-07,West,Office Supplies,Binders,File Binder,3,119.97,83.15,36.82,89,30.69
489,2025-09-05,South,Technology,Machines,Laptop,10,1142.57,901.19,241.38,23,21.13
490,2025-02-08,West,Furniture,Bookcases,Wood Bookcase,13,1709.62,1335.7,373.92,44,21.87
491,2025-10-26,South,Furniture,Bookcases,Wood Bookcase,1,1872.94,1038.61,834.33,73,44.55
492,2025-01-16,East,Office Supplies,Storage,Storage Box,1,1119.45,695.25,424.2,79,37.89
493,2025-11-15,West,Office Supplies,Storage,File Cabinet,4,2223.91,1504.44,719.47,63,32.35
494,2025-06-28,East,Office Supplies,Storage,File Cabinet,11,1332.67,844.39,488.28,12,36.64
495,2025-10-11,West,Office Supplies,Binders,Ring Binder,7,594.92,484.21,110.71,64,18.61
496,2025-02-27,Central,Office Supplies,Binders,Ring Binder,2,184.02,149.03,34.99,65,19.01
497,2025-12-01,South,Technology,Accessories,Mouse,11,1298.64,943.54,355.1,41,27.34
498,2025-09-17,East,Office Supplies,Paper,A4 Paper,9,801.72,558.39,243.33,81,30.35
499,2025-01-03,East,Technology,Phones,Smartphone,1,1278.63,1094.44,184.19,59,14.41
500,2025-07-21,South,Office Supplies,Paper,A4 Paper,13,724.57,436.65,287.92,9,39.74
